name,ticker,geographic,team_qual,team_quan,team_dev,advisors_qual,advisors_quan,partnerships_qual,partnerships_quan,total_supply,circulating_supply,available_for_ts,masternodes,staking_rewards,activity_rewards,limited_coins,discount_ei,money_raised,prc_fg,ut_burned,ico_price,market_price,current_price,twitter,facebook,reddit,hype_rate,bounty_program,gt_ratio,roadmap,mvp,existence_before_ico,exchanges,category,first_mover,competitors,consensus_method,product_score,total_marketcap,24h_mv_icoday
Apex,CPX,11,"8,2",40,18,"4,2",14,"3,9",8,677,411,"0,5",0,0,1,1,1,"25,00",1,0,"0,16","0,16096","0,1526",15349,0,2999,5,0,"0,1728","10,5",1,1,"LBank, Switcheo",23,1,0,4,"80,5","572,694","24434,4"
Auctus,AUC,31,"6,4",12,7,"3,2",6,"3,2",6,66,17,"0,51",0,0,1,1,0,"3,87","0,99",1,"0,26","0,58","0,3502",4039,1569,251,3,1,"0,1139","7,5",0,0,"IDEX, Radar Relay, HitBTC",23,1,2,2,60,"421,2","25456,9"
Chainium,CHX,32,"7,5",10,5,"3,3",4,"2,4",3,169,57,"0,5",0,1,0,1,1,"3,43","0,62",1,"0,0664","0,08","0,0509",1794,33575,58,3,1,"0,0135",7,1,1,"IDEX, HitBTC",39,0,7,1,59,"265,02","12916,5"
PolySwarm,NCT,1,"7,6",9,6,"3,7",5,"2,6",6,1886,1468,"0,7",0,1,1,1,1,"25,93","0,52",0,"0,0165","0,004704","0,0064",1973,1421,89,3,1,"0,0112",11,1,1,"IDEX, HitBTC, DDEX",27,1,5,1,"64,5","336,578","15546,6"
Holo,HOT,33,"7,9",10,4,"3,2",1,0,0,177619,133215,"0,75",0,0,1,1,0,"20,39",1,0,"0,0002","0,000733","0,0011",2265,3245,323,4,0,"0,0130","8,5",0,0,IDEX,3,0,10,17,"72,5","428,787",26630
Zebi,ZCO,34,"7,4",12,7,"3,5",9,"2,5",3,500,462,"0,3",0,0,1,1,1,"8,56",1,0,"0,0333","0,11","0,1182",13260,16720,0,4,1,"0,0930",10,1,1,Qryptos,40,0,2,3,74,"472,547",17390
Aphelion,APH,9,"7,5",12,6,"3,4",10,"2,3",2,70,36,"0,4",0,1,0,1,1,"4,78","0,71",1,"0,13","0,27","0,3769",13766,0,11480,2,1,"0,1900","7,5",0,1,Switcheo,16,0,11,18,71,"392,405",34771
Nexo,NEXO,12,"7,9",14,6,4,3,"3,4",7,1000,560,"0,7",0,1,0,1,1,"52,50",1,1,"0,1","0,19","0,1695",35000,0,610,4,1,"0,0135",10,1,1,IDEX,15,0,15,1,73,"251,647","9728,32"
SyncFab,MFG,31,"7,3",9,4,"3,8",10,"3,4",14,1000,134,"0,3",0,1,1,1,1,"9,16","0,46",1,"0,12","0,04","0,0216",5012,4836,123,3,1,"0,0769","9,5",1,1,"Cobinhood, Bancor Network",11,0,16,1,"68,5","329,083","18195,4"
IP Exchange,IPSX,12,"6,9",6,3,"3,4",5,0,0,1714,802,"0,5",0,0,1,1,1,"7,90","0,85",1,"0,0122","0,006545","0,0086",2432,1351,0,2,1,"0,2078","6,5",0,0,Qryptos,23,1,0,1,"57,5","472,547",17390